Frame,ThumbX1,ThumbY1,ThumbZ1,IndexX1,IndexY1,IndexZ1,MiddleX1,MiddleY1,MiddleZ1,RingX1,RingY1,RingZ1,PinkyX1,PinkyY1,PinkyZ1,ThumbX2,ThumbY2,ThumbZ2,IndexX2,IndexY2,IndexZ2,MiddleX2,MiddleY2,MiddleZ2,RingX2,RingY2,RingZ2,PinkyX2,PinkyY2,PinkyZ2
Video1,0.6049584746360779,0.6273676156997681,0.03377579152584076,0.6049584746360779,0.6273676156997681,0.03377579152584076,0.8360861539840698,0.6622868776321411,0.027787644416093826,0.8360861539840698,0.6622868776321411,0.027787644416093826,0.8918136358261108,0.7114723920822144,0.0129481740295887,0.8918136358261108,0.7114723920822144,0.0129481740295887,0.8744066953659058,0.7543078064918518,0.006737155374139547,0.8744066953659058,0.7543078064918518,0.006737155374139547,0.8241472244262695,0.8160651922225952,0.015662124380469322,0.8241472244262695,0.8160651922225952,0.015662124380469322
Video1,0.6049584746360779,0.6273676156997681,0.03377579152584076,0.6049584746360779,0.6273676156997681,0.03377579152584076,0.8360861539840698,0.6622868776321411,0.027787644416093826,0.8360861539840698,0.6622868776321411,0.027787644416093826,0.8918136358261108,0.7114723920822144,0.0129481740295887,0.8918136358261108,0.7114723920822144,0.0129481740295887,0.8744066953659058,0.7543078064918518,0.006737155374139547,0.8744066953659058,0.7543078064918518,0.006737155374139547,0.8241472244262695,0.8160651922225952,0.015662124380469322,0.8241472244262695,0.8160651922225952,0.015662124380469322
Video1,0.6048508286476135,0.6236305832862854,0.04978859797120094,0.6048508286476135,0.6236305832862854,0.04978859797120094,0.8360979557037354,0.6546204686164856,0.06462148576974869,0.8360979557037354,0.6546204686164856,0.06462148576974869,0.8916839361190796,0.706784725189209,0.054300688207149506,0.8916839361190796,0.706784725189209,0.054300688207149506,0.8742280006408691,0.7503525018692017,0.041890449821949005,0.8742280006408691,0.7503525018692017,0.041890449821949005,0.8275583982467651,0.8154760003089905,0.041554637253284454,0.8275583982467651,0.8154760003089905,0.041554637253284454
Video1,0.6048508286476135,0.6236305832862854,0.04978859797120094,0.6048508286476135,0.6236305832862854,0.04978859797120094,0.8360979557037354,0.6546204686164856,0.06462148576974869,0.8360979557037354,0.6546204686164856,0.06462148576974869,0.8916839361190796,0.706784725189209,0.054300688207149506,0.8916839361190796,0.706784725189209,0.054300688207149506,0.8742280006408691,0.7503525018692017,0.041890449821949005,0.8742280006408691,0.7503525018692017,0.041890449821949005,0.8275583982467651,0.8154760003089905,0.041554637253284454,0.8275583982467651,0.8154760003089905,0.041554637253284454
Video1,0.5963029861450195,0.6191247701644897,0.058197204023599625,0.5963029861450195,0.6191247701644897,0.058197204023599625,0.8380216956138611,0.6499279141426086,0.059753693640232086,0.8380216956138611,0.6499279141426086,0.059753693640232086,0.8926939964294434,0.706294059753418,0.053484510630369186,0.8926939964294434,0.706294059753418,0.053484510630369186,0.8727148771286011,0.7506532669067383,0.03782682493329048,0.8727148771286011,0.7506532669067383,0.03782682493329048,0.8293437361717224,0.8133864402770996,0.04001295194029808,0.8293437361717224,0.8133864402770996,0.04001295194029808
Video1,0.5963029861450195,0.6191247701644897,0.058197204023599625,0.5963029861450195,0.6191247701644897,0.058197204023599625,0.8380216956138611,0.6499279141426086,0.059753693640232086,0.8380216956138611,0.6499279141426086,0.059753693640232086,0.8926939964294434,0.706294059753418,0.053484510630369186,0.8926939964294434,0.706294059753418,0.053484510630369186,0.8727148771286011,0.7506532669067383,0.03782682493329048,0.8727148771286011,0.7506532669067383,0.03782682493329048,0.8293437361717224,0.8133864402770996,0.04001295194029808,0.8293437361717224,0.8133864402770996,0.04001295194029808
Video1,0.5950561165809631,0.6155469417572021,0.05505139008164406,0.5950561165809631,0.6155469417572021,0.05505139008164406,0.8391079902648926,0.6460307836532593,0.052952006459236145,0.8391079902648926,0.6460307836532593,0.052952006459236145,0.8913037776947021,0.7017858028411865,0.050386376678943634,0.8913037776947021,0.7017858028411865,0.050386376678943634,0.8733910322189331,0.7468948364257812,0.03485260531306267,0.8733910322189331,0.7468948364257812,0.03485260531306267,0.8303521275520325,0.8112249374389648,0.03618570417165756,0.8303521275520325,0.8112249374389648,0.03618570417165756
Video1,0.5950561165809631,0.6155469417572021,0.05505139008164406,0.5950561165809631,0.6155469417572021,0.05505139008164406,0.8391079902648926,0.6460307836532593,0.052952006459236145,0.8391079902648926,0.6460307836532593,0.052952006459236145,0.8913037776947021,0.7017858028411865,0.050386376678943634,0.8913037776947021,0.7017858028411865,0.050386376678943634,0.8733910322189331,0.7468948364257812,0.03485260531306267,0.8733910322189331,0.7468948364257812,0.03485260531306267,0.8303521275520325,0.8112249374389648,0.03618570417165756,0.8303521275520325,0.8112249374389648,0.03618570417165756
Video1,0.592565655708313,0.6118733286857605,0.05663903430104256,0.592565655708313,0.6118733286857605,0.05663903430104256,0.8354250192642212,0.6424667835235596,0.05357269197702408,0.8354250192642212,0.6424667835235596,0.05357269197702408,0.8912064433097839,0.6987922787666321,0.05132615938782692,0.8912064433097839,0.6987922787666321,0.05132615938782692,0.8718583583831787,0.743825376033783,0.03541761264204979,0.8718583583831787,0.743825376033783,0.03541761264204979,0.8313198685646057,0.8076483011245728,0.036504123359918594,0.8313198685646057,0.8076483011245728,0.036504123359918594
Video1,0.592565655708313,0.6118733286857605,0.05663903430104256,0.592565655708313,0.6118733286857605,0.05663903430104256,0.8354250192642212,0.6424667835235596,0.05357269197702408,0.8354250192642212,0.6424667835235596,0.05357269197702408,0.8912064433097839,0.6987922787666321,0.05132615938782692,0.8912064433097839,0.6987922787666321,0.05132615938782692,0.8718583583831787,0.743825376033783,0.03541761264204979,0.8718583583831787,0.743825376033783,0.03541761264204979,0.8313198685646057,0.8076483011245728,0.036504123359918594,0.8313198685646057,0.8076483011245728,0.036504123359918594
Video1,0.59239262342453,0.6056899428367615,0.04555630311369896,0.59239262342453,0.6056899428367615,0.04555630311369896,0.8336141109466553,0.6368817687034607,0.040332768112421036,0.8336141109466553,0.6368817687034607,0.040332768112421036,0.8917608857154846,0.6936736106872559,0.04006251320242882,0.8917608857154846,0.6936736106872559,0.04006251320242882,0.8731045722961426,0.7383527755737305,0.02528066746890545,0.8731045722961426,0.7383527755737305,0.02528066746890545,0.8333319425582886,0.803257942199707,0.02758411504328251,0.8333319425582886,0.803257942199707,0.02758411504328251
Video1,0.59239262342453,0.6056899428367615,0.04555630311369896,0.59239262342453,0.6056899428367615,0.04555630311369896,0.8336141109466553,0.6368817687034607,0.040332768112421036,0.8336141109466553,0.6368817687034607,0.040332768112421036,0.8917608857154846,0.6936736106872559,0.04006251320242882,0.8917608857154846,0.6936736106872559,0.04006251320242882,0.8731045722961426,0.7383527755737305,0.02528066746890545,0.8731045722961426,0.7383527755737305,0.02528066746890545,0.8333319425582886,0.803257942199707,0.02758411504328251,0.8333319425582886,0.803257942199707,0.02758411504328251
Video1,0.5908999443054199,0.600652813911438,0.04541514441370964,0.5908999443054199,0.600652813911438,0.04541514441370964,0.8296958208084106,0.6325723528862,0.040839821100234985,0.8296958208084106,0.6325723528862,0.040839821100234985,0.8918488025665283,0.688986599445343,0.040098365396261215,0.8918488025665283,0.688986599445343,0.040098365396261215,0.8737643361091614,0.7337118983268738,0.023374434560537338,0.8737643361091614,0.7337118983268738,0.023374434560537338,0.8308030366897583,0.7973063588142395,0.02791597880423069,0.8308030366897583,0.7973063588142395,0.02791597880423069
Video1,0.5908999443054199,0.600652813911438,0.04541514441370964,0.5908999443054199,0.600652813911438,0.04541514441370964,0.8296958208084106,0.6325723528862,0.040839821100234985,0.8296958208084106,0.6325723528862,0.040839821100234985,0.8918488025665283,0.688986599445343,0.040098365396261215,0.8918488025665283,0.688986599445343,0.040098365396261215,0.8737643361091614,0.7337118983268738,0.023374434560537338,0.8737643361091614,0.7337118983268738,0.023374434560537338,0.8308030366897583,0.7973063588142395,0.02791597880423069,0.8308030366897583,0.7973063588142395,0.02791597880423069
Video1,0.5880313515663147,0.5939186811447144,0.0401751846075058,0.5880313515663147,0.5939186811447144,0.0401751846075058,0.828858494758606,0.6272832751274109,0.03617807850241661,0.828858494758606,0.6272832751274109,0.03617807850241661,0.892113447189331,0.6841855645179749,0.034290410578250885,0.892113447189331,0.6841855645179749,0.034290410578250885,0.8735384345054626,0.726801872253418,0.018491430208086967,0.8735384345054626,0.726801872253418,0.018491430208086967,0.8314274549484253,0.7919371128082275,0.025417136028409004,0.8314274549484253,0.7919371128082275,0.025417136028409004
Video1,0.5880313515663147,0.5939186811447144,0.0401751846075058,0.5880313515663147,0.5939186811447144,0.0401751846075058,0.828858494758606,0.6272832751274109,0.03617807850241661,0.828858494758606,0.6272832751274109,0.03617807850241661,0.892113447189331,0.6841855645179749,0.034290410578250885,0.892113447189331,0.6841855645179749,0.034290410578250885,0.8735384345054626,0.726801872253418,0.018491430208086967,0.8735384345054626,0.726801872253418,0.018491430208086967,0.8314274549484253,0.7919371128082275,0.025417136028409004,0.8314274549484253,0.7919371128082275,0.025417136028409004
Video1,0.5931357145309448,0.5847189426422119,0.049081552773714066,0.5931357145309448,0.5847189426422119,0.049081552773714066,0.8297281861305237,0.6204688549041748,0.046620067209005356,0.8297281861305237,0.6204688549041748,0.046620067209005356,0.8927490711212158,0.6760052442550659,0.04592220485210419,0.8927490711212158,0.6760052442550659,0.04592220485210419,0.872689962387085,0.7190165519714355,0.03300848975777626,0.872689962387085,0.7190165519714355,0.03300848975777626,0.8320712447166443,0.7831443548202515,0.0383472703397274,0.8320712447166443,0.7831443548202515,0.0383472703397274
Video1,0.5931357145309448,0.5847189426422119,0.049081552773714066,0.5931357145309448,0.5847189426422119,0.049081552773714066,0.8297281861305237,0.6204688549041748,0.046620067209005356,0.8297281861305237,0.6204688549041748,0.046620067209005356,0.8927490711212158,0.6760052442550659,0.04592220485210419,0.8927490711212158,0.6760052442550659,0.04592220485210419,0.872689962387085,0.7190165519714355,0.03300848975777626,0.872689962387085,0.7190165519714355,0.03300848975777626,0.8320712447166443,0.7831443548202515,0.0383472703397274,0.8320712447166443,0.7831443548202515,0.0383472703397274
Video1,0.5900843143463135,0.5797268748283386,0.042332470417022705,0.5900843143463135,0.5797268748283386,0.042332470417022705,0.8285946249961853,0.6137824058532715,0.042791202664375305,0.8285946249961853,0.6137824058532715,0.042791202664375305,0.8917562961578369,0.6687781810760498,0.043364018201828,0.8917562961578369,0.6687781810760498,0.043364018201828,0.8734923601150513,0.7118015289306641,0.029186027124524117,0.8734923601150513,0.7118015289306641,0.029186027124524117,0.8301191329956055,0.7774779200553894,0.03608238697052002,0.8301191329956055,0.7774779200553894,0.03608238697052002
Video1,0.5900843143463135,0.5797268748283386,0.042332470417022705,0.5900843143463135,0.5797268748283386,0.042332470417022705,0.8285946249961853,0.6137824058532715,0.042791202664375305,0.8285946249961853,0.6137824058532715,0.042791202664375305,0.8917562961578369,0.6687781810760498,0.043364018201828,0.8917562961578369,0.6687781810760498,0.043364018201828,0.8734923601150513,0.7118015289306641,0.029186027124524117,0.8734923601150513,0.7118015289306641,0.029186027124524117,0.8301191329956055,0.7774779200553894,0.03608238697052002,0.8301191329956055,0.7774779200553894,0.03608238697052002
Video1,0.5937037467956543,0.5716336369514465,0.035756297409534454,0.5937037467956543,0.5716336369514465,0.035756297409534454,0.8262821435928345,0.6051579713821411,0.035621680319309235,0.8262821435928345,0.6051579713821411,0.035621680319309235,0.8915038108825684,0.6598559617996216,0.041355837136507034,0.8915038108825684,0.6598559617996216,0.041355837136507034,0.872702956199646,0.704055905342102,0.027484498918056488,0.872702956199646,0.704055905342102,0.027484498918056488,0.8351321816444397,0.7681966423988342,0.030922727659344673,0.8351321816444397,0.7681966423988342,0.030922727659344673
Video1,0.5937037467956543,0.5716336369514465,0.035756297409534454,0.5937037467956543,0.5716336369514465,0.035756297409534454,0.8262821435928345,0.6051579713821411,0.035621680319309235,0.8262821435928345,0.6051579713821411,0.035621680319309235,0.8915038108825684,0.6598559617996216,0.041355837136507034,0.8915038108825684,0.6598559617996216,0.041355837136507034,0.872702956199646,0.704055905342102,0.027484498918056488,0.872702956199646,0.704055905342102,0.027484498918056488,0.8351321816444397,0.7681966423988342,0.030922727659344673,0.8351321816444397,0.7681966423988342,0.030922727659344673
Video1,0.5901101231575012,0.565481424331665,0.03161739930510521,0.5901101231575012,0.565481424331665,0.03161739930510521,0.8245565891265869,0.5977007150650024,0.03813019394874573,0.8245565891265869,0.5977007150650024,0.03813019394874573,0.8885616064071655,0.6523764729499817,0.042003098875284195,0.8885616064071655,0.6523764729499817,0.042003098875284195,0.8699988722801208,0.6971964836120605,0.023986831307411194,0.8699988722801208,0.6971964836120605,0.023986831307411194,0.8283132314682007,0.7596878409385681,0.02631167322397232,0.8283132314682007,0.7596878409385681,0.02631167322397232
Video1,0.5901101231575012,0.565481424331665,0.03161739930510521,0.5901101231575012,0.565481424331665,0.03161739930510521,0.8245565891265869,0.5977007150650024,0.03813019394874573,0.8245565891265869,0.5977007150650024,0.03813019394874573,0.8885616064071655,0.6523764729499817,0.042003098875284195,0.8885616064071655,0.6523764729499817,0.042003098875284195,0.8699988722801208,0.6971964836120605,0.023986831307411194,0.8699988722801208,0.6971964836120605,0.023986831307411194,0.8283132314682007,0.7596878409385681,0.02631167322397232,0.8283132314682007,0.7596878409385681,0.02631167322397232
Video1,0.592100203037262,0.5554783344268799,0.023496102541685104,0.592100203037262,0.5554783344268799,0.023496102541685104,0.8195439577102661,0.5886276364326477,0.024565409868955612,0.8195439577102661,0.5886276364326477,0.024565409868955612,0.8896697163581848,0.6412700414657593,0.026078293099999428,0.8896697163581848,0.6412700414657593,0.026078293099999428,0.8720672130584717,0.6859629154205322,0.009583907201886177,0.8720672130584717,0.6859629154205322,0.009583907201886177,0.8297379612922668,0.7481801509857178,0.014647706411778927,0.8297379612922668,0.7481801509857178,0.014647706411778927
Video1,0.592100203037262,0.5554783344268799,0.023496102541685104,0.592100203037262,0.5554783344268799,0.023496102541685104,0.8195439577102661,0.5886276364326477,0.024565409868955612,0.8195439577102661,0.5886276364326477,0.024565409868955612,0.8896697163581848,0.6412700414657593,0.026078293099999428,0.8896697163581848,0.6412700414657593,0.026078293099999428,0.8720672130584717,0.6859629154205322,0.009583907201886177,0.8720672130584717,0.6859629154205322,0.009583907201886177,0.8297379612922668,0.7481801509857178,0.014647706411778927,0.8297379612922668,0.7481801509857178,0.014647706411778927
Video1,0.5872337222099304,0.5463588237762451,0.028719494119286537,0.5872337222099304,0.5463588237762451,0.028719494119286537,0.817234456539154,0.5797344446182251,0.03200089558959007,0.817234456539154,0.5797344446182251,0.03200089558959007,0.8900979161262512,0.6319872140884399,0.03152870014309883,0.8900979161262512,0.6319872140884399,0.03152870014309883,0.8734006881713867,0.6763363480567932,0.01427195593714714,0.8734006881713867,0.6763363480567932,0.01427195593714714,0.8255355358123779,0.7383033633232117,0.020260687917470932,0.8255355358123779,0.7383033633232117,0.020260687917470932
Video1,0.5872337222099304,0.5463588237762451,0.028719494119286537,0.5872337222099304,0.5463588237762451,0.028719494119286537,0.817234456539154,0.5797344446182251,0.03200089558959007,0.817234456539154,0.5797344446182251,0.03200089558959007,0.8900979161262512,0.6319872140884399,0.03152870014309883,0.8900979161262512,0.6319872140884399,0.03152870014309883,0.8734006881713867,0.6763363480567932,0.01427195593714714,0.8734006881713867,0.6763363480567932,0.01427195593714714,0.8255355358123779,0.7383033633232117,0.020260687917470932,0.8255355358123779,0.7383033633232117,0.020260687917470932
Video1,0.5859471559524536,0.5391223430633545,0.040820736438035965,0.5859471559524536,0.5391223430633545,0.040820736438035965,0.8186943531036377,0.5693631172180176,0.04704279825091362,0.8186943531036377,0.5693631172180176,0.04704279825091362,0.8886401057243347,0.621953010559082,0.045024365186691284,0.8886401057243347,0.621953010559082,0.045024365186691284,0.8723469972610474,0.6669878363609314,0.027939030900597572,0.8723469972610474,0.6669878363609314,0.027939030900597572,0.822860836982727,0.727527916431427,0.0372232124209404,0.822860836982727,0.727527916431427,0.0372232124209404
Video1,0.5859471559524536,0.5391223430633545,0.040820736438035965,0.5859471559524536,0.5391223430633545,0.040820736438035965,0.8186943531036377,0.5693631172180176,0.04704279825091362,0.8186943531036377,0.5693631172180176,0.04704279825091362,0.8886401057243347,0.621953010559082,0.045024365186691284,0.8886401057243347,0.621953010559082,0.045024365186691284,0.8723469972610474,0.6669878363609314,0.027939030900597572,0.8723469972610474,0.6669878363609314,0.027939030900597572,0.822860836982727,0.727527916431427,0.0372232124209404,0.822860836982727,0.727527916431427,0.0372232124209404
Video1,0.583654522895813,0.5293809175491333,0.04293050244450569,0.583654522895813,0.5293809175491333,0.04293050244450569,0.8156447410583496,0.559503436088562,0.05290956795215607,0.8156447410583496,0.559503436088562,0.05290956795215607,0.8864624500274658,0.611814558506012,0.049031104892492294,0.8864624500274658,0.611814558506012,0.049031104892492294,0.8712483644485474,0.6558211445808411,0.029953235760331154,0.8712483644485474,0.6558211445808411,0.029953235760331154,0.8225069046020508,0.7174112796783447,0.03840785473585129,0.8225069046020508,0.7174112796783447,0.03840785473585129
Video1,0.583654522895813,0.5293809175491333,0.04293050244450569,0.583654522895813,0.5293809175491333,0.04293050244450569,0.8156447410583496,0.559503436088562,0.05290956795215607,0.8156447410583496,0.559503436088562,0.05290956795215607,0.8864624500274658,0.611814558506012,0.049031104892492294,0.8864624500274658,0.611814558506012,0.049031104892492294,0.8712483644485474,0.6558211445808411,0.029953235760331154,0.8712483644485474,0.6558211445808411,0.029953235760331154,0.8225069046020508,0.7174112796783447,0.03840785473585129,0.8225069046020508,0.7174112796783447,0.03840785473585129
Video1,0.5811278223991394,0.5179840326309204,0.030003076419234276,0.5811278223991394,0.5179840326309204,0.030003076419234276,0.8152484893798828,0.5485334396362305,0.03396094590425491,0.8152484893798828,0.5485334396362305,0.03396094590425491,0.884754478931427,0.6003638505935669,0.03026575595140457,0.884754478931427,0.6003638505935669,0.03026575595140457,0.8700915575027466,0.6444352865219116,0.013141731731593609,0.8700915575027466,0.6444352865219116,0.013141731731593609,0.8256740570068359,0.706482470035553,0.02233695425093174,0.8256740570068359,0.706482470035553,0.02233695425093174
Video1,0.5811278223991394,0.5179840326309204,0.030003076419234276,0.5811278223991394,0.5179840326309204,0.030003076419234276,0.8152484893798828,0.5485334396362305,0.03396094590425491,0.8152484893798828,0.5485334396362305,0.03396094590425491,0.884754478931427,0.6003638505935669,0.03026575595140457,0.884754478931427,0.6003638505935669,0.03026575595140457,0.8700915575027466,0.6444352865219116,0.013141731731593609,0.8700915575027466,0.6444352865219116,0.013141731731593609,0.8256740570068359,0.706482470035553,0.02233695425093174,0.8256740570068359,0.706482470035553,0.02233695425093174
Video1,0.5793859362602234,0.5056836009025574,0.0333685465157032,0.5793859362602234,0.5056836009025574,0.0333685465157032,0.8102505207061768,0.5372636318206787,0.034820470958948135,0.8102505207061768,0.5372636318206787,0.034820470958948135,0.8820942640304565,0.5890358686447144,0.030641159042716026,0.8820942640304565,0.5890358686447144,0.030641159042716026,0.867146372795105,0.6336261630058289,0.013179661706089973,0.867146372795105,0.6336261630058289,0.013179661706089973,0.8248614072799683,0.6960767507553101,0.021279675886034966,0.8248614072799683,0.6960767507553101,0.021279675886034966
Video1,0.5793859362602234,0.5056836009025574,0.0333685465157032,0.5793859362602234,0.5056836009025574,0.0333685465157032,0.8102505207061768,0.5372636318206787,0.034820470958948135,0.8102505207061768,0.5372636318206787,0.034820470958948135,0.8820942640304565,0.5890358686447144,0.030641159042716026,0.8820942640304565,0.5890358686447144,0.030641159042716026,0.867146372795105,0.6336261630058289,0.013179661706089973,0.867146372795105,0.6336261630058289,0.013179661706089973,0.8248614072799683,0.6960767507553101,0.021279675886034966,0.8248614072799683,0.6960767507553101,0.021279675886034966
Video1,0.5746103525161743,0.49454808235168457,0.02230636030435562,0.5746103525161743,0.49454808235168457,0.02230636030435562,0.8067606687545776,0.5255486965179443,0.017865264788269997,0.8067606687545776,0.5255486965179443,0.017865264788269997,0.8785082101821899,0.5763341188430786,0.014127884060144424,0.8785082101821899,0.5763341188430786,0.014127884060144424,0.8642288446426392,0.6203453540802002,-0.0021839821711182594,0.8642288446426392,0.6203453540802002,-0.0021839821711182594,0.8239881992340088,0.6841273307800293,0.005293499678373337,0.8239881992340088,0.6841273307800293,0.005293499678373337
Video1,0.5746103525161743,0.49454808235168457,0.02230636030435562,0.5746103525161743,0.49454808235168457,0.02230636030435562,0.8067606687545776,0.5255486965179443,0.017865264788269997,0.8067606687545776,0.5255486965179443,0.017865264788269997,0.8785082101821899,0.5763341188430786,0.014127884060144424,0.8785082101821899,0.5763341188430786,0.014127884060144424,0.8642288446426392,0.6203453540802002,-0.0021839821711182594,0.8642288446426392,0.6203453540802002,-0.0021839821711182594,0.8239881992340088,0.6841273307800293,0.005293499678373337,0.8239881992340088,0.6841273307800293,0.005293499678373337
Video1,0.5705518126487732,0.48181939125061035,0.02984432503581047,0.5705518126487732,0.48181939125061035,0.02984432503581047,0.8030215501785278,0.515072762966156,0.03340129926800728,0.8030215501785278,0.515072762966156,0.03340129926800728,0.8754199743270874,0.566245973110199,0.030205506831407547,0.8754199743270874,0.566245973110199,0.030205506831407547,0.8600651025772095,0.6106489300727844,0.012326754629611969,0.8600651025772095,0.6106489300727844,0.012326754629611969,0.821914792060852,0.6729871034622192,0.017648210749030113,0.821914792060852,0.6729871034622192,0.017648210749030113
Video1,0.5705518126487732,0.48181939125061035,0.02984432503581047,0.5705518126487732,0.48181939125061035,0.02984432503581047,0.8030215501785278,0.515072762966156,0.03340129926800728,0.8030215501785278,0.515072762966156,0.03340129926800728,0.8754199743270874,0.566245973110199,0.030205506831407547,0.8754199743270874,0.566245973110199,0.030205506831407547,0.8600651025772095,0.6106489300727844,0.012326754629611969,0.8600651025772095,0.6106489300727844,0.012326754629611969,0.821914792060852,0.6729871034622192,0.017648210749030113,0.821914792060852,0.6729871034622192,0.017648210749030113
Video1,0.5667855739593506,0.47100958228111267,0.03107232041656971,0.5667855739593506,0.47100958228111267,0.03107232041656971,0.7993492484092712,0.5045099854469299,0.03788081184029579,0.7993492484092712,0.5045099854469299,0.03788081184029579,0.8738530874252319,0.5569939613342285,0.03464013710618019,0.8738530874252319,0.5569939613342285,0.03464013710618019,0.8580206632614136,0.6012393236160278,0.01746472716331482,0.8580206632614136,0.6012393236160278,0.01746472716331482,0.82111656665802,0.6629379987716675,0.02290290594100952,0.82111656665802,0.6629379987716675,0.02290290594100952
Video1,0.5667855739593506,0.47100958228111267,0.03107232041656971,0.5667855739593506,0.47100958228111267,0.03107232041656971,0.7993492484092712,0.5045099854469299,0.03788081184029579,0.7993492484092712,0.5045099854469299,0.03788081184029579,0.8738530874252319,0.5569939613342285,0.03464013710618019,0.8738530874252319,0.5569939613342285,0.03464013710618019,0.8580206632614136,0.6012393236160278,0.01746472716331482,0.8580206632614136,0.6012393236160278,0.01746472716331482,0.82111656665802,0.6629379987716675,0.02290290594100952,0.82111656665802,0.6629379987716675,0.02290290594100952
Video1,0.5672398805618286,0.46222299337387085,0.032589130103588104,0.5672398805618286,0.46222299337387085,0.032589130103588104,0.7969033718109131,0.4945083558559418,0.04352147504687309,0.7969033718109131,0.4945083558559418,0.04352147504687309,0.8717918395996094,0.5465036034584045,0.039801958948373795,0.8717918395996094,0.5465036034584045,0.039801958948373795,0.858319878578186,0.5915093421936035,0.02098962292075157,0.858319878578186,0.5915093421936035,0.02098962292075157,0.8181599378585815,0.6528704166412354,0.02586113102734089,0.8181599378585815,0.6528704166412354,0.02586113102734089
Video1,0.5672398805618286,0.46222299337387085,0.032589130103588104,0.5672398805618286,0.46222299337387085,0.032589130103588104,0.7969033718109131,0.4945083558559418,0.04352147504687309,0.7969033718109131,0.4945083558559418,0.04352147504687309,0.8717918395996094,0.5465036034584045,0.039801958948373795,0.8717918395996094,0.5465036034584045,0.039801958948373795,0.858319878578186,0.5915093421936035,0.02098962292075157,0.858319878578186,0.5915093421936035,0.02098962292075157,0.8181599378585815,0.6528704166412354,0.02586113102734089,0.8181599378585815,0.6528704166412354,0.02586113102734089
Video1,0.5661547780036926,0.4549257159233093,0.03860411420464516,0.5661547780036926,0.4549257159233093,0.03860411420464516,0.7917783260345459,0.4871678650379181,0.0565829798579216,0.7917783260345459,0.4871678650379181,0.0565829798579216,0.8669824004173279,0.537749707698822,0.05047022923827171,0.8669824004173279,0.537749707698822,0.05047022923827171,0.8554040789604187,0.5820624828338623,0.03187894448637962,0.8554040789604187,0.5820624828338623,0.03187894448637962,0.8153600096702576,0.6432338356971741,0.038122519850730896,0.8153600096702576,0.6432338356971741,0.038122519850730896
Video1,0.5661547780036926,0.4549257159233093,0.03860411420464516,0.5661547780036926,0.4549257159233093,0.03860411420464516,0.7917783260345459,0.4871678650379181,0.0565829798579216,0.7917783260345459,0.4871678650379181,0.0565829798579216,0.8669824004173279,0.537749707698822,0.05047022923827171,0.8669824004173279,0.537749707698822,0.05047022923827171,0.8554040789604187,0.5820624828338623,0.03187894448637962,0.8554040789604187,0.5820624828338623,0.03187894448637962,0.8153600096702576,0.6432338356971741,0.038122519850730896,0.8153600096702576,0.6432338356971741,0.038122519850730896
Video1,0.5584483742713928,0.44960150122642517,0.04720540717244148,0.5584483742713928,0.44960150122642517,0.04720540717244148,0.7861489653587341,0.47962847352027893,0.07434443384408951,0.7861489653587341,0.47962847352027893,0.07434443384408951,0.8644895553588867,0.5300239324569702,0.0646745041012764,0.8644895553588867,0.5300239324569702,0.0646745041012764,0.8520114421844482,0.574504017829895,0.043565865606069565,0.8520114421844482,0.574504017829895,0.043565865606069565,0.8103482723236084,0.6359228491783142,0.04984982684254646,0.8103482723236084,0.6359228491783142,0.04984982684254646
Video1,0.5584483742713928,0.44960150122642517,0.04720540717244148,0.5584483742713928,0.44960150122642517,0.04720540717244148,0.7861489653587341,0.47962847352027893,0.07434443384408951,0.7861489653587341,0.47962847352027893,0.07434443384408951,0.8644895553588867,0.5300239324569702,0.0646745041012764,0.8644895553588867,0.5300239324569702,0.0646745041012764,0.8520114421844482,0.574504017829895,0.043565865606069565,0.8520114421844482,0.574504017829895,0.043565865606069565,0.8103482723236084,0.6359228491783142,0.04984982684254646,0.8103482723236084,0.6359228491783142,0.04984982684254646
Video1,0.5582001805305481,0.4446093440055847,0.044995225965976715,0.5582001805305481,0.4446093440055847,0.044995225965976715,0.7859593629837036,0.4745101034641266,0.07437323778867722,0.7859593629837036,0.4745101034641266,0.07437323778867722,0.862019419670105,0.5255035161972046,0.0682133361697197,0.862019419670105,0.5255035161972046,0.0682133361697197,0.8514363169670105,0.569625973701477,0.048906803131103516,0.8514363169670105,0.569625973701477,0.048906803131103516,0.8084233999252319,0.6315587759017944,0.053894441574811935,0.8084233999252319,0.6315587759017944,0.053894441574811935
Video1,0.5582001805305481,0.4446093440055847,0.044995225965976715,0.5582001805305481,0.4446093440055847,0.044995225965976715,0.7859593629837036,0.4745101034641266,0.07437323778867722,0.7859593629837036,0.4745101034641266,0.07437323778867722,0.862019419670105,0.5255035161972046,0.0682133361697197,0.862019419670105,0.5255035161972046,0.0682133361697197,0.8514363169670105,0.569625973701477,0.048906803131103516,0.8514363169670105,0.569625973701477,0.048906803131103516,0.8084233999252319,0.6315587759017944,0.053894441574811935,0.8084233999252319,0.6315587759017944,0.053894441574811935
Video1,0.5553441047668457,0.4397033154964447,0.07642080634832382,0.5553441047668457,0.4397033154964447,0.07642080634832382,0.7849451303482056,0.47192591428756714,0.10469397902488708,0.7849451303482056,0.47192591428756714,0.10469397902488708,0.8621363639831543,0.5225088596343994,0.09130047261714935,0.8621363639831543,0.5225088596343994,0.09130047261714935,0.8468776941299438,0.568313717842102,0.07823706418275833,0.8468776941299438,0.568313717842102,0.07823706418275833,0.8041625022888184,0.6274003386497498,0.08944908529520035,0.8041625022888184,0.6274003386497498,0.08944908529520035
Video1,0.5553441047668457,0.4397033154964447,0.07642080634832382,0.5553441047668457,0.4397033154964447,0.07642080634832382,0.7849451303482056,0.47192591428756714,0.10469397902488708,0.7849451303482056,0.47192591428756714,0.10469397902488708,0.8621363639831543,0.5225088596343994,0.09130047261714935,0.8621363639831543,0.5225088596343994,0.09130047261714935,0.8468776941299438,0.568313717842102,0.07823706418275833,0.8468776941299438,0.568313717842102,0.07823706418275833,0.8041625022888184,0.6274003386497498,0.08944908529520035,0.8041625022888184,0.6274003386497498,0.08944908529520035
Video1,0.555682361125946,0.4366024136543274,0.06854520738124847,0.555682361125946,0.4366024136543274,0.06854520738124847,0.7815051078796387,0.4710748791694641,0.08908779919147491,0.7815051078796387,0.4710748791694641,0.08908779919147491,0.8605601787567139,0.5198256969451904,0.07513989508152008,0.8605601787567139,0.5198256969451904,0.07513989508152008,0.84897780418396,0.5643500685691833,0.06141071021556854,0.84897780418396,0.5643500685691833,0.06141071021556854,0.8049542903900146,0.6236284971237183,0.0720028281211853,0.8049542903900146,0.6236284971237183,0.0720028281211853
Video1,0.555682361125946,0.4366024136543274,0.06854520738124847,0.555682361125946,0.4366024136543274,0.06854520738124847,0.7815051078796387,0.4710748791694641,0.08908779919147491,0.7815051078796387,0.4710748791694641,0.08908779919147491,0.8605601787567139,0.5198256969451904,0.07513989508152008,0.8605601787567139,0.5198256969451904,0.07513989508152008,0.84897780418396,0.5643500685691833,0.06141071021556854,0.84897780418396,0.5643500685691833,0.06141071021556854,0.8049542903900146,0.6236284971237183,0.0720028281211853,0.8049542903900146,0.6236284971237183,0.0720028281211853
Video1,0.5516467094421387,0.4363667070865631,0.06731468439102173,0.5516467094421387,0.4363667070865631,0.06731468439102173,0.7791486382484436,0.4700811505317688,0.09187141805887222,0.7791486382484436,0.4700811505317688,0.09187141805887222,0.859576404094696,0.5189887881278992,0.08270930498838425,0.859576404094696,0.5189887881278992,0.08270930498838425,0.8449852466583252,0.5638019442558289,0.06690796464681625,0.8449852466583252,0.5638019442558289,0.06690796464681625,0.8010013103485107,0.6235257387161255,0.07719478011131287,0.8010013103485107,0.6235257387161255,0.07719478011131287
Video1,0.5516467094421387,0.4363667070865631,0.06731468439102173,0.5516467094421387,0.4363667070865631,0.06731468439102173,0.7791486382484436,0.4700811505317688,0.09187141805887222,0.7791486382484436,0.4700811505317688,0.09187141805887222,0.859576404094696,0.5189887881278992,0.08270930498838425,0.859576404094696,0.5189887881278992,0.08270930498838425,0.8449852466583252,0.5638019442558289,0.06690796464681625,0.8449852466583252,0.5638019442558289,0.06690796464681625,0.8010013103485107,0.6235257387161255,0.07719478011131287,0.8010013103485107,0.6235257387161255,0.07719478011131287
Video1,0.5508259534835815,0.4374394416809082,0.065673828125,0.5508259534835815,0.4374394416809082,0.065673828125,0.7795329093933105,0.46972331404685974,0.08833639323711395,0.7795329093933105,0.46972331404685974,0.08833639323711395,0.8604665994644165,0.5186684131622314,0.07759033888578415,0.8604665994644165,0.5186684131622314,0.07759033888578415,0.8460753560066223,0.5646169781684875,0.06322278827428818,0.8460753560066223,0.5646169781684875,0.06322278827428818,0.8018404245376587,0.6226091384887695,0.07294183224439621,0.8018404245376587,0.6226091384887695,0.07294183224439621
Video1,0.5508259534835815,0.4374394416809082,0.065673828125,0.5508259534835815,0.4374394416809082,0.065673828125,0.7795329093933105,0.46972331404685974,0.08833639323711395,0.7795329093933105,0.46972331404685974,0.08833639323711395,0.8604665994644165,0.5186684131622314,0.07759033888578415,0.8604665994644165,0.5186684131622314,0.07759033888578415,0.8460753560066223,0.5646169781684875,0.06322278827428818,0.8460753560066223,0.5646169781684875,0.06322278827428818,0.8018404245376587,0.6226091384887695,0.07294183224439621,0.8018404245376587,0.6226091384887695,0.07294183224439621
Video1,0.5524675250053406,0.43843865394592285,0.04826664924621582,0.5524675250053406,0.43843865394592285,0.04826664924621582,0.779327929019928,0.4718555808067322,0.07259751856327057,0.779327929019928,0.4718555808067322,0.07259751856327057,0.8591151237487793,0.5213702917098999,0.06636897474527359,0.8591151237487793,0.5213702917098999,0.06636897474527359,0.846651017665863,0.5660627484321594,0.05056971311569214,0.846651017665863,0.5660627484321594,0.05056971311569214,0.802730917930603,0.6248742341995239,0.05921041592955589,0.802730917930603,0.6248742341995239,0.05921041592955589
Video1,0.5524675250053406,0.43843865394592285,0.04826664924621582,0.5524675250053406,0.43843865394592285,0.04826664924621582,0.779327929019928,0.4718555808067322,0.07259751856327057,0.779327929019928,0.4718555808067322,0.07259751856327057,0.8591151237487793,0.5213702917098999,0.06636897474527359,0.8591151237487793,0.5213702917098999,0.06636897474527359,0.846651017665863,0.5660627484321594,0.05056971311569214,0.846651017665863,0.5660627484321594,0.05056971311569214,0.802730917930603,0.6248742341995239,0.05921041592955589,0.802730917930603,0.6248742341995239,0.05921041592955589
Video1,0.5507299900054932,0.44057273864746094,0.04412014037370682,0.5507299900054932,0.44057273864746094,0.04412014037370682,0.7797489166259766,0.4749486446380615,0.06746943295001984,0.7797489166259766,0.4749486446380615,0.06746943295001984,0.8564755916595459,0.5249451398849487,0.06247209012508392,0.8564755916595459,0.5249451398849487,0.06247209012508392,0.8439760208129883,0.5683635473251343,0.042987022548913956,0.8439760208129883,0.5683635473251343,0.042987022548913956,0.803290605545044,0.6274765133857727,0.05054326727986336,0.803290605545044,0.6274765133857727,0.05054326727986336
Video1,0.5507299900054932,0.44057273864746094,0.04412014037370682,0.5507299900054932,0.44057273864746094,0.04412014037370682,0.7797489166259766,0.4749486446380615,0.06746943295001984,0.7797489166259766,0.4749486446380615,0.06746943295001984,0.8564755916595459,0.5249451398849487,0.06247209012508392,0.8564755916595459,0.5249451398849487,0.06247209012508392,0.8439760208129883,0.5683635473251343,0.042987022548913956,0.8439760208129883,0.5683635473251343,0.042987022548913956,0.803290605545044,0.6274765133857727,0.05054326727986336,0.803290605545044,0.6274765133857727,0.05054326727986336
Video1,0.5513620376586914,0.4447277784347534,0.030100563541054726,0.5513620376586914,0.4447277784347534,0.030100563541054726,0.7794493436813354,0.479204922914505,0.04306536540389061,0.7794493436813354,0.479204922914505,0.04306536540389061,0.857206404209137,0.5304915308952332,0.03779665753245354,0.857206404209137,0.5304915308952332,0.03779665753245354,0.8466482162475586,0.574117124080658,0.01913515292108059,0.8466482162475586,0.574117124080658,0.01913515292108059,0.8002645969390869,0.6327105760574341,0.027576901018619537,0.8002645969390869,0.6327105760574341,0.027576901018619537
Video1,0.5513620376586914,0.4447277784347534,0.030100563541054726,0.5513620376586914,0.4447277784347534,0.030100563541054726,0.7794493436813354,0.479204922914505,0.04306536540389061,0.7794493436813354,0.479204922914505,0.04306536540389061,0.857206404209137,0.5304915308952332,0.03779665753245354,0.857206404209137,0.5304915308952332,0.03779665753245354,0.8466482162475586,0.574117124080658,0.01913515292108059,0.8466482162475586,0.574117124080658,0.01913515292108059,0.8002645969390869,0.6327105760574341,0.027576901018619537,0.8002645969390869,0.6327105760574341,0.027576901018619537
Video1,0.5485273003578186,0.4521808326244354,0.03454377502202988,0.5485273003578186,0.4521808326244354,0.03454377502202988,0.7777100801467896,0.48737844824790955,0.05110090970993042,0.7777100801467896,0.48737844824790955,0.05110090970993042,0.8558441400527954,0.5388619303703308,0.042036157101392746,0.8558441400527954,0.5388619303703308,0.042036157101392746,0.842754065990448,0.583443820476532,0.019282609224319458,0.842754065990448,0.583443820476532,0.019282609224319458,0.7977315783500671,0.6405883431434631,0.025485575199127197,0.7977315783500671,0.6405883431434631,0.025485575199127197
Video1,0.5485273003578186,0.4521808326244354,0.03454377502202988,0.5485273003578186,0.4521808326244354,0.03454377502202988,0.7777100801467896,0.48737844824790955,0.05110090970993042,0.7777100801467896,0.48737844824790955,0.05110090970993042,0.8558441400527954,0.5388619303703308,0.042036157101392746,0.8558441400527954,0.5388619303703308,0.042036157101392746,0.842754065990448,0.583443820476532,0.019282609224319458,0.842754065990448,0.583443820476532,0.019282609224319458,0.7977315783500671,0.6405883431434631,0.025485575199127197,0.7977315783500671,0.6405883431434631,0.025485575199127197
Video1,0.5451004505157471,0.4605118930339813,0.03445013612508774,0.5451004505157471,0.4605118930339813,0.03445013612508774,0.7769303321838379,0.4957691431045532,0.040269844233989716,0.7769303321838379,0.4957691431045532,0.040269844233989716,0.8525258898735046,0.5489139556884766,0.03335258364677429,0.8525258898735046,0.5489139556884766,0.03335258364677429,0.8371366858482361,0.5927183032035828,0.01028574537485838,0.8371366858482361,0.5927183032035828,0.01028574537485838,0.792965829372406,0.6497390270233154,0.014585205353796482,0.792965829372406,0.6497390270233154,0.014585205353796482
Video1,0.5451004505157471,0.4605118930339813,0.03445013612508774,0.5451004505157471,0.4605118930339813,0.03445013612508774,0.7769303321838379,0.4957691431045532,0.040269844233989716,0.7769303321838379,0.4957691431045532,0.040269844233989716,0.8525258898735046,0.5489139556884766,0.03335258364677429,0.8525258898735046,0.5489139556884766,0.03335258364677429,0.8371366858482361,0.5927183032035828,0.01028574537485838,0.8371366858482361,0.5927183032035828,0.01028574537485838,0.792965829372406,0.6497390270233154,0.014585205353796482,0.792965829372406,0.6497390270233154,0.014585205353796482
Video1,0.5451858043670654,0.4689819812774658,0.022135935723781586,0.5451858043670654,0.4689819812774658,0.022135935723781586,0.7774639129638672,0.5049685835838318,0.028291791677474976,0.7774639129638672,0.5049685835838318,0.028291791677474976,0.8529846668243408,0.5580489635467529,0.02459079585969448,0.8529846668243408,0.5580489635467529,0.02459079585969448,0.8328194618225098,0.6020779609680176,0.004743195604532957,0.8328194618225098,0.6020779609680176,0.004743195604532957,0.7904050946235657,0.6587393879890442,0.011034592054784298,0.7904050946235657,0.6587393879890442,0.011034592054784298
Video1,0.5451858043670654,0.4689819812774658,0.022135935723781586,0.5451858043670654,0.4689819812774658,0.022135935723781586,0.7774639129638672,0.5049685835838318,0.028291791677474976,0.7774639129638672,0.5049685835838318,0.028291791677474976,0.8529846668243408,0.5580489635467529,0.02459079585969448,0.8529846668243408,0.5580489635467529,0.02459079585969448,0.8328194618225098,0.6020779609680176,0.004743195604532957,0.8328194618225098,0.6020779609680176,0.004743195604532957,0.7904050946235657,0.6587393879890442,0.011034592054784298,0.7904050946235657,0.6587393879890442,0.011034592054784298
Video1,0.5440369248390198,0.47912168502807617,0.01693679206073284,0.5440369248390198,0.47912168502807617,0.01693679206073284,0.7761859893798828,0.5158420205116272,0.017822416499257088,0.7761859893798828,0.5158420205116272,0.017822416499257088,0.8521776795387268,0.5685073733329773,0.012093733064830303,0.8521776795387268,0.5685073733329773,0.012093733064830303,0.8324623107910156,0.6130579113960266,-0.0076273297891020775,0.8324623107910156,0.6130579113960266,-0.0076273297891020775,0.786075234413147,0.669950008392334,-0.0007924154051579535,0.786075234413147,0.669950008392334,-0.0007924154051579535
Video1,0.5440369248390198,0.47912168502807617,0.01693679206073284,0.5440369248390198,0.47912168502807617,0.01693679206073284,0.7761859893798828,0.5158420205116272,0.017822416499257088,0.7761859893798828,0.5158420205116272,0.017822416499257088,0.8521776795387268,0.5685073733329773,0.012093733064830303,0.8521776795387268,0.5685073733329773,0.012093733064830303,0.8324623107910156,0.6130579113960266,-0.0076273297891020775,0.8324623107910156,0.6130579113960266,-0.0076273297891020775,0.786075234413147,0.669950008392334,-0.0007924154051579535,0.786075234413147,0.669950008392334,-0.0007924154051579535
Video1,0.5416590571403503,0.49182528257369995,0.01840430498123169,0.5416590571403503,0.49182528257369995,0.01840430498123169,0.772679328918457,0.5266595482826233,0.01661340892314911,0.772679328918457,0.5266595482826233,0.01661340892314911,0.8483015894889832,0.5804047584533691,0.012773453257977962,0.8483015894889832,0.5804047584533691,0.012773453257977962,0.8279647827148438,0.6246353387832642,-0.006251542828977108,0.8279647827148438,0.6246353387832642,-0.006251542828977108,0.7823982238769531,0.6818355917930603,0.0001679386041359976,0.7823982238769531,0.6818355917930603,0.0001679386041359976
Video1,0.5416590571403503,0.49182528257369995,0.01840430498123169,0.5416590571403503,0.49182528257369995,0.01840430498123169,0.772679328918457,0.5266595482826233,0.01661340892314911,0.772679328918457,0.5266595482826233,0.01661340892314911,0.8483015894889832,0.5804047584533691,0.012773453257977962,0.8483015894889832,0.5804047584533691,0.012773453257977962,0.8279647827148438,0.6246353387832642,-0.006251542828977108,0.8279647827148438,0.6246353387832642,-0.006251542828977108,0.7823982238769531,0.6818355917930603,0.0001679386041359976,0.7823982238769531,0.6818355917930603,0.0001679386041359976
Video1,0.5404130220413208,0.5014300346374512,0.008131111040711403,0.5404130220413208,0.5014300346374512,0.008131111040711403,0.7671834230422974,0.5387117266654968,0.007557408418506384,0.7671834230422974,0.5387117266654968,0.007557408418506384,0.8447234630584717,0.5912603139877319,0.003063573967665434,0.8447234630584717,0.5912603139877319,0.003063573967665434,0.8234544992446899,0.6348103284835815,-0.01605433225631714,0.8234544992446899,0.6348103284835815,-0.01605433225631714,0.7767584323883057,0.6926426887512207,-0.009893367066979408,0.7767584323883057,0.6926426887512207,-0.009893367066979408
Video1,0.5404130220413208,0.5014300346374512,0.008131111040711403,0.5404130220413208,0.5014300346374512,0.008131111040711403,0.7671834230422974,0.5387117266654968,0.007557408418506384,0.7671834230422974,0.5387117266654968,0.007557408418506384,0.8447234630584717,0.5912603139877319,0.003063573967665434,0.8447234630584717,0.5912603139877319,0.003063573967665434,0.8234544992446899,0.6348103284835815,-0.01605433225631714,0.8234544992446899,0.6348103284835815,-0.01605433225631714,0.7767584323883057,0.6926426887512207,-0.009893367066979408,0.7767584323883057,0.6926426887512207,-0.009893367066979408
Video1,0.5364938974380493,0.5107560157775879,0.0062618679367005825,0.5364938974380493,0.5107560157775879,0.0062618679367005825,0.7640188932418823,0.5497934818267822,0.005206714849919081,0.7640188932418823,0.5497934818267822,0.005206714849919081,0.8388122320175171,0.6020666360855103,0.0018813813803717494,0.8388122320175171,0.6020666360855103,0.0018813813803717494,0.818091094493866,0.6458282470703125,-0.016473377123475075,0.818091094493866,0.6458282470703125,-0.016473377123475075,0.7715890407562256,0.7033860087394714,-0.010100900195538998,0.7715890407562256,0.7033860087394714,-0.010100900195538998
Video1,0.5364938974380493,0.5107560157775879,0.0062618679367005825,0.5364938974380493,0.5107560157775879,0.0062618679367005825,0.7640188932418823,0.5497934818267822,0.005206714849919081,0.7640188932418823,0.5497934818267822,0.005206714849919081,0.8388122320175171,0.6020666360855103,0.0018813813803717494,0.8388122320175171,0.6020666360855103,0.0018813813803717494,0.818091094493866,0.6458282470703125,-0.016473377123475075,0.818091094493866,0.6458282470703125,-0.016473377123475075,0.7715890407562256,0.7033860087394714,-0.010100900195538998,0.7715890407562256,0.7033860087394714,-0.010100900195538998
Video1,0.5333454012870789,0.5226899981498718,0.009643001481890678,0.5333454012870789,0.5226899981498718,0.009643001481890678,0.7618876695632935,0.5615226030349731,0.009402986615896225,0.7618876695632935,0.5615226030349731,0.009402986615896225,0.8363281488418579,0.6146807074546814,0.005019990261644125,0.8363281488418579,0.6146807074546814,0.005019990261644125,0.8141374588012695,0.6579040288925171,-0.01387436781078577,0.8141374588012695,0.6579040288925171,-0.01387436781078577,0.7673596143722534,0.7139888405799866,-0.008082332089543343,0.7673596143722534,0.7139888405799866,-0.008082332089543343
Video1,0.5333454012870789,0.5226899981498718,0.009643001481890678,0.5333454012870789,0.5226899981498718,0.009643001481890678,0.7618876695632935,0.5615226030349731,0.009402986615896225,0.7618876695632935,0.5615226030349731,0.009402986615896225,0.8363281488418579,0.6146807074546814,0.005019990261644125,0.8363281488418579,0.6146807074546814,0.005019990261644125,0.8141374588012695,0.6579040288925171,-0.01387436781078577,0.8141374588012695,0.6579040288925171,-0.01387436781078577,0.7673596143722534,0.7139888405799866,-0.008082332089543343,0.7673596143722534,0.7139888405799866,-0.008082332089543343
Video1,0.5296031832695007,0.5356113314628601,0.00878786202520132,0.5296031832695007,0.5356113314628601,0.00878786202520132,0.7562978267669678,0.5729931592941284,0.0073255738243460655,0.7562978267669678,0.5729931592941284,0.0073255738243460655,0.8313087224960327,0.6263526082038879,0.003874845104292035,0.8313087224960327,0.6263526082038879,0.003874845104292035,0.8099114894866943,0.6695184707641602,-0.013805367983877659,0.8099114894866943,0.6695184707641602,-0.013805367983877659,0.7626988887786865,0.7253502607345581,-0.006600230000913143,0.7626988887786865,0.7253502607345581,-0.006600230000913143
Video1,0.5296031832695007,0.5356113314628601,0.00878786202520132,0.5296031832695007,0.5356113314628601,0.00878786202520132,0.7562978267669678,0.5729931592941284,0.0073255738243460655,0.7562978267669678,0.5729931592941284,0.0073255738243460655,0.8313087224960327,0.6263526082038879,0.003874845104292035,0.8313087224960327,0.6263526082038879,0.003874845104292035,0.8099114894866943,0.6695184707641602,-0.013805367983877659,0.8099114894866943,0.6695184707641602,-0.013805367983877659,0.7626988887786865,0.7253502607345581,-0.006600230000913143,0.7626988887786865,0.7253502607345581,-0.006600230000913143
Video1,0.5251513123512268,0.5446098446846008,0.000930427573621273,0.5251513123512268,0.5446098446846008,0.000930427573621273,0.7550678849220276,0.5847421884536743,-0.008475448936223984,0.7550678849220276,0.5847421884536743,-0.008475448936223984,0.8272409439086914,0.638874888420105,-0.011444289237260818,0.8272409439086914,0.638874888420105,-0.011444289237260818,0.8054156303405762,0.6809678673744202,-0.028482593595981598,0.8054156303405762,0.6809678673744202,-0.028482593595981598,0.7571836113929749,0.7373978495597839,-0.021727275103330612,0.7571836113929749,0.7373978495597839,-0.021727275103330612
Video1,0.5251513123512268,0.5446098446846008,0.000930427573621273,0.5251513123512268,0.5446098446846008,0.000930427573621273,0.7550678849220276,0.5847421884536743,-0.008475448936223984,0.7550678849220276,0.5847421884536743,-0.008475448936223984,0.8272409439086914,0.638874888420105,-0.011444289237260818,0.8272409439086914,0.638874888420105,-0.011444289237260818,0.8054156303405762,0.6809678673744202,-0.028482593595981598,0.8054156303405762,0.6809678673744202,-0.028482593595981598,0.7571836113929749,0.7373978495597839,-0.021727275103330612,0.7571836113929749,0.7373978495597839,-0.021727275103330612
Video1,0.522921621799469,0.5541377663612366,0.0055660526268184185,0.522921621799469,0.5541377663612366,0.0055660526268184185,0.7510898113250732,0.5951898694038391,0.00232064351439476,0.7510898113250732,0.5951898694038391,0.00232064351439476,0.8250340819358826,0.6488444209098816,-0.0014197444543242455,0.8250340819358826,0.6488444209098816,-0.0014197444543242455,0.8016197681427002,0.6908188462257385,-0.020436322316527367,0.8016197681427002,0.6908188462257385,-0.020436322316527367,0.7521042227745056,0.7495391368865967,-0.01611270383000374,0.7521042227745056,0.7495391368865967,-0.01611270383000374
Video1,0.522921621799469,0.5541377663612366,0.0055660526268184185,0.522921621799469,0.5541377663612366,0.0055660526268184185,0.7510898113250732,0.5951898694038391,0.00232064351439476,0.7510898113250732,0.5951898694038391,0.00232064351439476,0.8250340819358826,0.6488444209098816,-0.0014197444543242455,0.8250340819358826,0.6488444209098816,-0.0014197444543242455,0.8016197681427002,0.6908188462257385,-0.020436322316527367,0.8016197681427002,0.6908188462257385,-0.020436322316527367,0.7521042227745056,0.7495391368865967,-0.01611270383000374,0.7521042227745056,0.7495391368865967,-0.01611270383000374
Video1,0.5178393721580505,0.5642483830451965,0.0120676439255476,0.5178393721580505,0.5642483830451965,0.0120676439255476,0.7456915378570557,0.605101466178894,0.011890831403434277,0.7456915378570557,0.605101466178894,0.011890831403434277,0.8200526237487793,0.6601055264472961,0.00905199907720089,0.8200526237487793,0.6601055264472961,0.00905199907720089,0.7964504957199097,0.7015184164047241,-0.0109636802226305,0.7964504957199097,0.7015184164047241,-0.0109636802226305,0.747289776802063,0.7597877979278564,-0.0064148493111133575,0.747289776802063,0.7597877979278564,-0.0064148493111133575
Video1,0.5178393721580505,0.5642483830451965,0.0120676439255476,0.5178393721580505,0.5642483830451965,0.0120676439255476,0.7456915378570557,0.605101466178894,0.011890831403434277,0.7456915378570557,0.605101466178894,0.011890831403434277,0.8200526237487793,0.6601055264472961,0.00905199907720089,0.8200526237487793,0.6601055264472961,0.00905199907720089,0.7964504957199097,0.7015184164047241,-0.0109636802226305,0.7964504957199097,0.7015184164047241,-0.0109636802226305,0.747289776802063,0.7597877979278564,-0.0064148493111133575,0.747289776802063,0.7597877979278564,-0.0064148493111133575
